208214242,ABBV,2026-03-08,225.58,218.81,232.68,2026-03-13,218.81,stop,-6.77,-3.0
208214241,ABBV,2026-03-08,225.58,218.81,231.6,2026-03-13,218.81,stop,-6.77,-3.0
208214240,ABBV,2026-03-08,225.58,218.81,230.88,2026-03-12,223.52,time_stop,-2.06,-0.91
208214251,ABBV,2026-03-09,225.58,218.81,230.14,2026-03-13,218.81,stop,-6.77,-3.0
208214235,ABBV,2026-03-07,225.58,218.81,229.91,2026-03-12,223.52,time_stop,-2.06,-0.91
208214275,ABBV,2026-03-27,207.68,201.45,210.27,2026-03-30,210.27,profit_target,2.6,1.25
208214268,ABBV,2026-03-25,205.48,199.31,212.63,2026-03-31,212.63,profit_target,7.15,3.48
208214267,ABBV,2026-03-25,205.48,199.31,210.88,2026-03-27,210.88,profit_target,5.4,2.63
208214247,ABBV,2026-03-08,225.58,218.81,235.53,2026-03-13,218.81,stop,-6.77,-3.0
208214246,ABBV,2026-03-08,225.58,218.81,234.13,2026-03-13,218.81,stop,-6.77,-3.0
208581005,ALB,2026-03-28,177.22,171.9,182.5,2026-03-31,182.5,profit_target,5.28,2.98
208641791,ALLE,2026-03-23,143.63,139.32,148.36,2026-03-26,148.36,profit_target,4.73,3.29
208641792,ALLE,2026-03-23,143.63,139.32,148.7,2026-03-26,148.7,profit_target,5.07,3.53
208641785,ALLE,2026-03-17,145.91,141.53,150.17,2026-04-02,141.53,stop,-4.38,-3.0
208641784,ALLE,2026-03-17,145.91,141.53,149.66,2026-04-01,144.16,time_stop,-1.75,-1.2
208641775,ALLE,2026-03-11,146.09,141.7,148.35,2026-03-16,145.82,time_stop,-0.27,-0.18
208641772,ALLE,2026-03-08,149.65,145.16,151.93,2026-03-12,145.3,time_stop,-4.35,-2.91
208641773,ALLE,2026-03-08,149.65,145.16,151.63,2026-03-13,145.35,time_stop,-4.3,-2.88
214846240,LNT,2026-03-25,69.77,67.68,71.49,2026-03-30,71.49,profit_target,1.72,2.47
214846239,LNT,2026-03-25,69.77,67.68,71.17,2026-03-27,71.17,profit_target,1.4,2.01
214846241,LNT,2026-03-25,69.77,67.68,71.37,2026-03-30,71.37,profit_target,1.6,2.29
214846242,LNT,2026-03-25,69.77,67.68,71.46,2026-03-30,71.46,profit_target,1.69,2.42
214846261,LNT,2026-03-27,70.52,68.4,71.82,2026-03-31,71.82,profit_target,1.3,1.85
214846231,LNT,2026-03-24,69.66,67.57,71.5,2026-03-30,71.5,profit_target,1.84,2.64
214846243,LNT,2026-03-25,69.77,67.68,71.68,2026-03-30,71.68,profit_target,1.91,2.74
214846252,LNT,2026-03-26,70.26,68.15,71.71,2026-03-30,71.71,profit_target,1.45,2.07
208612513,ALL,2026-03-23,207.76,201.53,214.76,2026-04-01,204.1,time_stop,-3.66,-1.76
208612481,ALL,2026-03-22,207.76,201.53,216.26,2026-04-06,208.36,time_stop,0.6,0.29
208612516,ALL,2026-03-23,207.76,201.53,215.84,2026-04-06,208.36,time_stop,0.6,0.29
208612515,ALL,2026-03-23,207.76,201.53,215.34,2026-04-06,208.36,time_stop,0.6,0.29
204257669,GOOGL,2026-03-28,273.5,265.3,281.4,2026-03-31,281.4,profit_target,7.9,2.89
204257651,GOOGL,2026-03-27,274.34,266.11,281.56,2026-03-31,281.56,profit_target,7.22,2.63
204257615,GOOGL,2026-03-16,305.56,296.39,322.49,2026-03-24,296.39,stop,-9.17,-3.0
204257670,GOOGL,2026-03-28,273.5,265.3,281.79,2026-03-31,281.79,profit_target,8.29,3.03
204257652,GOOGL,2026-03-27,274.34,266.11,281.91,2026-03-31,281.91,profit_target,7.57,2.76
204235034,GOOG,2026-03-28,273.14,264.95,279.97,2026-03-31,279.97,profit_target,6.83,2.5
204235011,GOOG,2026-03-27,273.76,265.55,279.95,2026-03-31,279.95,profit_target,6.19,2.26
204235033,GOOG,2026-03-28,273.14,264.95,279.26,2026-03-31,279.26,profit_target,6.12,2.24
204235035,GOOG,2026-03-28,273.14,264.95,280.79,2026-03-31,280.79,profit_target,7.65,2.8
204235002,GOOG,2026-03-25,289.59,280.9,297.0,2026-03-26,280.9,stop,-8.69,-3.0
204235012,GOOG,2026-03-27,273.76,265.55,280.99,2026-03-31,280.99,profit_target,7.23,2.64
208445186,AEE,2026-03-23,106.9,103.69,110.37,2026-03-30,110.37,profit_target,3.47,3.25
208445192,AEE,2026-03-24,107.69,104.46,110.33,2026-03-30,110.33,profit_target,2.64,2.45
209291051,AWK,2026-03-21,135.73,131.66,141.7,2026-04-06,137.91,time_stop,2.18,1.61
209291149,AWK,2026-03-23,135.73,131.66,141.72,2026-04-06,137.91,time_stop,2.18,1.61
209291101,AWK,2026-03-22,135.73,131.66,141.97,2026-04-06,137.91,time_stop,2.18,1.61
209291052,AWK,2026-03-21,135.73,131.66,142.12,2026-04-06,137.91,time_stop,2.18,1.61
209291053,AWK,2026-03-21,135.73,131.66,141.7,2026-04-07,135.37,time_stop,-0.36,-0.27
209291050,AWK,2026-03-21,135.73,131.66,141.88,2026-04-06,137.91,time_stop,2.18,1.61
209291102,AWK,2026-03-22,135.73,131.66,142.39,2026-04-06,137.91,time_stop,2.18,1.61
209291103,AWK,2026-03-22,135.73,131.66,141.97,2026-04-07,135.37,time_stop,-0.36,-0.27
209291049,AWK,2026-03-21,135.73,131.66,141.23,2026-04-06,137.91,time_stop,2.18,1.61
209291148,AWK,2026-03-23,135.73,131.66,141.88,2026-04-06,137.91,time_stop,2.18,1.61
209291100,AWK,2026-03-22,135.73,131.66,142.14,2026-04-06,137.91,time_stop,2.18,1.61
209291048,AWK,2026-03-21,135.73,131.66,141.21,2026-04-02,138.14,time_stop,2.41,1.78
209291147,AWK,2026-03-23,135.73,131.66,141.23,2026-04-06,137.91,time_stop,2.18,1.61
209291146,AWK,2026-03-23,135.73,131.66,141.21,2026-04-02,138.14,time_stop,2.41,1.78
209291198,AWK,2026-03-24,133.58,129.57,137.51,2026-03-26,137.51,profit_target,3.93,2.94
209291197,AWK,2026-03-24,133.58,129.57,137.47,2026-03-26,137.47,profit_target,3.89,2.91
209291150,AWK,2026-03-23,135.73,131.66,142.6,2026-04-06,137.91,time_stop,2.18,1.61
209291151,AWK,2026-03-23,135.73,131.66,142.15,2026-04-07,135.37,time_stop,-0.36,-0.27
209291200,AWK,2026-03-24,133.58,129.57,138.26,2026-03-27,138.26,profit_target,4.68,3.5
209291104,AWK,2026-03-22,135.73,131.66,142.8,2026-04-08,136.36,time_stop,0.63,0.46
209291099,AWK,2026-03-22,135.73,131.66,141.88,2026-04-06,137.91,time_stop,2.18,1.61
209291047,AWK,2026-03-21,135.73,131.66,140.98,2026-04-01,136.79,time_stop,1.06,0.78
209291098,AWK,2026-03-22,135.73,131.66,141.86,2026-04-02,138.14,time_stop,2.41,1.78
209291201,AWK,2026-03-24,133.58,129.57,138.78,2026-03-30,138.78,profit_target,5.2,3.89
209291199,AWK,2026-03-24,133.58,129.57,138.4,2026-03-27,138.4,profit_target,4.82,3.61
209291202,AWK,2026-03-24,133.58,129.57,138.36,2026-03-27,138.36,profit_target,4.78,3.58
209291242,AWK,2026-03-25,134.59,130.55,138.28,2026-03-27,138.28,profit_target,3.69,2.74
209291196,AWK,2026-03-24,133.58,129.57,137.16,2026-03-26,137.16,profit_target,3.58,2.68
209291241,AWK,2026-03-25,134.59,130.55,138.3,2026-03-27,138.3,profit_target,3.71,2.76
209291240,AWK,2026-03-25,134.59,130.55,137.7,2026-03-26,137.7,profit_target,3.11,2.31
209291054,AWK,2026-03-21,135.73,131.66,143.02,2026-04-08,136.36,time_stop,0.63,0.46
209291105,AWK,2026-03-22,135.73,131.66,143.91,2026-04-09,139.25,time_stop,3.52,2.59
209291244,AWK,2026-03-25,134.59,130.55,139.09,2026-03-30,139.09,profit_target,4.5,3.34
209291145,AWK,2026-03-23,135.73,131.66,141.38,2026-04-01,136.79,time_stop,1.06,0.78
209291055,AWK,2026-03-21,135.73,131.66,143.71,2026-04-09,139.25,time_stop,3.52,2.59
209291247,AWK,2026-03-25,134.59,130.55,139.5,2026-04-08,136.36,time_stop,1.77,1.32
209291245,AWK,2026-03-25,134.59,130.55,139.65,2026-04-06,137.91,time_stop,3.32,2.47
209291243,AWK,2026-03-25,134.59,130.55,139.25,2026-03-30,139.25,profit_target,4.66,3.46
209291246,AWK,2026-03-25,134.59,130.55,139.25,2026-03-30,139.25,profit_target,4.66,3.46
209291249,AWK,2026-03-25,134.59,130.55,139.64,2026-04-10,137.22,time_stop,2.63,1.95
209290864,AWK,2026-03-13,139.69,135.5,145.04,2026-03-24,135.5,stop,-4.19,-3.0
209291283,AWK,2026-03-26,137.51,133.38,141.32,2026-04-06,137.91,time_stop,0.4,0.29
209291033,AWK,2026-03-20,135.79,131.72,139.27,2026-03-30,139.27,profit_target,3.48,2.56
209291281,AWK,2026-03-26,137.51,133.38,140.73,2026-04-01,136.79,time_stop,-0.72,-0.52
209291282,AWK,2026-03-26,137.51,133.38,140.96,2026-04-02,138.14,time_stop,0.63,0.46
209290818,AWK,2026-03-12,138.25,134.1,144.15,2026-03-24,134.1,stop,-4.15,-3.0
209290576,AWK,2026-03-07,137.73,133.6,142.91,2026-03-10,133.6,stop,-4.13,-3.0
209290819,AWK,2026-03-12,138.25,134.1,144.33,2026-03-24,134.1,stop,-4.15,-3.0
209291013,AWK,2026-03-19,137.1,132.99,140.84,2026-04-06,137.91,time_stop,0.81,0.59
209291152,AWK,2026-03-23,135.73,131.66,143.75,2026-04-08,136.36,time_stop,0.63,0.46
209291056,AWK,2026-03-21,135.73,131.66,143.62,2026-04-10,137.22,time_stop,1.49,1.1
209291153,AWK,2026-03-23,135.73,131.66,144.28,2026-04-09,139.25,time_stop,3.52,2.59
209291106,AWK,2026-03-22,135.73,131.66,143.96,2026-04-10,137.22,time_stop,1.49,1.1
209291107,AWK,2026-03-22,135.73,131.66,144.21,2026-04-13,134.41,time_stop,-1.32,-0.97
209291097,AWK,2026-03-22,135.73,131.66,142.12,2026-04-01,136.79,time_stop,1.06,0.78
209291203,AWK,2026-03-24,133.58,129.57,139.63,2026-04-08,136.36,time_stop,2.78,2.08
209291250,AWK,2026-03-25,134.59,130.55,140.23,2026-04-13,134.41,time_stop,-0.18,-0.13
209290813,AWK,2026-03-12,138.25,134.1,142.99,2026-03-17,138.23,time_stop,-0.02,-0.01
209291112,AWK,2026-03-22,135.73,131.66,145.49,2026-04-15,131.66,stop,-4.07,-3.0
209290865,AWK,2026-03-13,139.69,135.5,145.38,2026-03-24,135.5,stop,-4.19,-3.0
209290862,AWK,2026-03-13,139.69,135.5,144.65,2026-03-24,135.5,stop,-4.19,-3.0
209290863,AWK,2026-03-13,139.69,135.5,144.91,2026-03-24,135.5,stop,-4.19,-3.0
209290773,AWK,2026-03-11,134.34,130.31,141.16,2026-03-12,141.16,profit_target,6.82,5.08
209291287,AWK,2026-03-26,137.51,133.38,141.91,2026-04-07,135.37,time_stop,-2.14,-1.56
209290772,AWK,2026-03-11,134.34,130.31,141.33,2026-04-06,137.91,time_stop,3.57,2.66
209291286,AWK,2026-03-26,137.51,133.38,142.05,2026-04-06,137.91,time_stop,0.4,0.29
209290770,AWK,2026-03-11,134.34,130.31,140.55,2026-03-12,140.55,profit_target,6.21,4.62
209291034,AWK,2026-03-20,135.79,131.72,139.9,2026-04-06,137.91,time_stop,2.12,1.56
209291284,AWK,2026-03-26,137.51,133.38,141.61,2026-04-06,137.91,time_stop,0.4,0.29
209290771,AWK,2026-03-11,134.34,130.31,140.79,2026-03-12,140.79,profit_target,6.45,4.8
209291285,AWK,2026-03-26,137.51,133.38,141.44,2026-04-06,137.91,time_stop,0.4,0.29
209291290,AWK,2026-03-26,137.51,133.38,141.48,2026-04-10,137.22,time_stop,-0.29,-0.21
209290823,AWK,2026-03-12,138.25,134.1,145.63,2026-03-24,134.1,stop,-4.15,-3.0
209290820,AWK,2026-03-12,138.25,134.1,145.33,2026-03-24,134.1,stop,-4.15,-3.0
209290821,AWK,2026-03-12,138.25,134.1,145.26,2026-03-24,134.1,stop,-4.15,-3.0
209290645,AWK,2026-03-08,137.73,133.6,143.14,2026-03-10,133.6,stop,-4.13,-3.0
209290646,AWK,2026-03-08,137.73,133.6,143.34,2026-03-10,133.6,stop,-4.13,-3.0
209291309,AWK,2026-03-27,136.86,132.75,140.1,2026-04-06,137.91,time_stop,1.05,0.77
209291011,AWK,2026-03-19,137.1,132.99,141.73,2026-04-06,137.91,time_stop,0.81,0.59
209291307,AWK,2026-03-27,136.86,132.75,139.35,2026-03-30,139.35,profit_target,2.49,1.82
209291015,AWK,2026-03-19,137.1,132.99,141.32,2026-04-07,135.37,time_stop,-1.73,-1.26
209291014,AWK,2026-03-19,137.1,132.99,141.46,2026-04-06,137.91,time_stop,0.81,0.59
209291308,AWK,2026-03-27,136.86,132.75,139.67,2026-04-02,138.14,time_stop,1.28,0.94
209291324,AWK,2026-03-28,138.82,134.66,141.83,2026-04-06,137.91,time_stop,-0.91,-0.66
208716459,AMP,2026-03-08,461.48,447.64,476.43,2026-03-12,447.64,stop,-13.84,-3.0
208303263,ACGL,2026-03-24,93.6,90.79,96.23,2026-03-31,96.23,profit_target,2.63,2.81
208303225,ACGL,2026-03-23,93.66,90.85,97.13,2026-04-01,95.49,time_stop,1.83,1.95
208303294,ACGL,2026-03-25,93.32,90.52,95.51,2026-03-30,95.51,profit_target,2.19,2.35
208303202,ACGL,2026-03-22,93.66,90.85,97.31,2026-04-01,95.49,time_stop,1.83,1.95
208303310,ACGL,2026-03-26,94.12,91.3,96.14,2026-03-31,96.14,profit_target,2.02,2.15
208303311,ACGL,2026-03-26,94.12,91.3,96.2,2026-03-31,96.2,profit_target,2.08,2.21
208303226,ACGL,2026-03-23,93.66,90.85,97.54,2026-04-02,96.74,time_stop,3.08,3.29
208303227,ACGL,2026-03-23,93.66,90.85,97.23,2026-04-06,96.79,time_stop,3.13,3.34
208303178,ACGL,2026-03-21,93.66,90.85,97.21,2026-04-01,95.49,time_stop,1.83,1.95
208303337,ACGL,2026-03-27,93.42,90.62,95.45,2026-03-30,95.45,profit_target,2.03,2.17
208807496,ANET,2026-03-12,134.03,130.01,141.24,2026-03-17,133.07,time_stop,-0.96,-0.72
208807477,ANET,2026-03-08,137.17,133.05,144.01,2026-03-16,135.35,time_stop,-1.82,-1.33
208807518,ANET,2026-03-13,133.57,129.56,140.05,2026-03-17,133.07,time_stop,-0.5,-0.37
208807476,ANET,2026-03-08,137.17,133.05,142.96,2026-03-16,135.35,time_stop,-1.82,-1.33
208807654,ANET,2026-03-28,116.13,112.65,118.62,2026-03-31,118.62,profit_target,2.49,2.14
209191730,ASML,2026-03-13,1345.69,1305.32,1398.17,2026-03-17,1389.16,time_stop,43.47,3.23
218545556,TEAM,2026-03-28,66.88,64.87,69.55,2026-03-31,69.55,profit_target,2.67,3.99
209232498,AVB,2026-03-06,175.93,170.65,181.35,2026-03-11,170.65,stop,-5.28,-3.0
209232508,AVB,2026-03-08,174.76,169.52,180.39,2026-03-12,169.52,stop,-5.24,-3.0
209232488,AVB,2026-03-01,177.04,171.73,180.86,2026-03-05,177.31,time_stop,0.28,0.16
209768679,BXP,2026-03-28,51.12,49.59,52.44,2026-03-31,52.44,profit_target,1.32,2.59
209768675,BXP,2026-03-27,50.74,49.21,51.8,2026-03-30,51.8,profit_target,1.06,2.09
209768674,BXP,2026-03-27,50.74,49.21,51.67,2026-03-30,51.67,profit_target,0.93,1.84
209768671,BXP,2026-03-26,52.44,50.87,53.47,2026-03-27,50.87,stop,-1.57,-3.0
209599021,BR,2026-03-27,157.42,152.7,161.69,2026-03-30,161.69,profit_target,4.27,2.71
209598998,BR,2026-03-19,174.38,169.15,181.16,2026-03-24,169.15,stop,-5.23,-3.0
209599022,BR,2026-03-27,157.42,152.7,161.78,2026-03-30,161.78,profit_target,4.36,2.77
209598997,BR,2026-03-19,174.38,169.15,180.34,2026-03-24,169.15,stop,-5.23,-3.0
201869012,AVGO,2026-03-06,329.79,319.89,345.16,2026-03-09,345.16,profit_target,15.37,4.66
201869020,AVGO,2026-03-08,345.03,334.68,360.97,2026-03-13,334.68,stop,-10.35,-3.0
200923628,AVGO,2026-03-08,345.03,334.68,361.45,2026-03-13,334.68,stop,-10.35,-3.0
200923789,AVGO,2026-03-09,345.03,334.68,356.55,2026-03-13,334.68,stop,-10.35,-3.0
200923410,AVGO,2026-03-07,345.03,334.68,359.79,2026-03-13,334.68,stop,-10.35,-3.0
200923408,AVGO,2026-03-07,345.03,334.68,360.0,2026-03-13,334.68,stop,-10.35,-3.0
209512187,BG,2026-03-20,118.15,114.61,122.86,2026-03-23,122.86,profit_target,4.71,3.99
211028804,CZR,2026-03-23,26.44,25.65,29.17,2026-03-30,25.65,stop,-0.79,-3.0
211028805,CZR,2026-03-23,26.44,25.65,28.95,2026-03-30,25.65,stop,-0.79,-3.0
211028794,CZR,2026-03-08,25.76,24.99,26.47,2026-03-11,26.47,profit_target,0.71,2.76
210717882,CPT,2026-03-12,100.64,97.62,102.56,2026-03-13,102.56,profit_target,1.92,1.91
210717849,CPT,2026-03-08,103.97,100.85,107.42,2026-03-11,100.85,stop,-3.12,-3.0
210112940,CDW,2026-03-12,113.48,110.08,115.42,2026-03-13,115.42,profit_target,1.94,1.71
210112936,CDW,2026-03-11,118.91,115.34,120.94,2026-03-12,115.34,stop,-3.57,-3.0
210526248,CNC,2026-03-28,31.8,30.85,32.73,2026-03-31,32.73,profit_target,0.93,2.94
210475646,CMG,2026-03-19,32.94,31.95,35.31,2026-03-27,31.95,stop,-0.99,-3.0
210475648,CMG,2026-03-19,32.94,31.95,35.57,2026-03-27,31.95,stop,-0.99,-3.0
210475647,CMG,2026-03-19,32.94,31.95,35.48,2026-03-27,31.95,stop,-0.99,-3.0
210475645,CMG,2026-03-19,32.94,31.95,35.53,2026-03-27,31.95,stop,-0.99,-3.0
210475644,CMG,2026-03-19,32.94,31.95,35.24,2026-03-27,31.95,stop,-0.99,-3.0
210475687,CMG,2026-03-20,33.37,32.37,35.54,2026-03-26,32.37,stop,-1.0,-3.0
210475688,CMG,2026-03-20,33.37,32.37,35.45,2026-03-26,32.37,stop,-1.0,-3.0
210475758,CMG,2026-03-30,31.16,30.23,31.98,2026-03-31,31.98,profit_target,0.82,2.62
210475656,CMG,2026-03-19,32.94,31.95,36.15,2026-03-27,31.95,stop,-0.99,-3.0
210475649,CMG,2026-03-19,32.94,31.95,35.69,2026-03-27,31.95,stop,-0.99,-3.0
210475751,CMG,2026-03-29,31.16,30.23,32.07,2026-03-31,32.07,profit_target,0.91,2.91
210475690,CMG,2026-03-20,33.37,32.37,35.66,2026-03-26,32.37,stop,-1.0,-3.0
210475759,CMG,2026-03-30,31.16,30.23,32.0,2026-03-31,32.0,profit_target,0.84,2.69
210475605,CMG,2026-03-18,32.64,31.66,35.35,2026-03-27,31.66,stop,-0.98,-3.0
210475750,CMG,2026-03-29,31.16,30.23,32.11,2026-03-31,32.11,profit_target,0.95,3.06
210475409,CMG,2026-03-08,35.29,34.23,37.2,2026-03-11,34.23,stop,-1.06,-3.0
210475407,CMG,2026-03-08,35.29,34.23,36.71,2026-03-11,34.23,stop,-1.06,-3.0
210475606,CMG,2026-03-18,32.64,31.66,35.59,2026-03-27,31.66,stop,-0.98,-3.0
210475655,CMG,2026-03-19,32.94,31.95,36.23,2026-03-27,31.95,stop,-0.99,-3.0
210475651,CMG,2026-03-19,32.94,31.95,35.94,2026-03-27,31.95,stop,-0.99,-3.0
210475650,CMG,2026-03-19,32.94,31.95,35.79,2026-03-27,31.95,stop,-0.99,-3.0
210475654,CMG,2026-03-19,32.94,31.95,36.12,2026-03-27,31.95,stop,-0.99,-3.0
210475607,CMG,2026-03-18,32.64,31.66,35.7,2026-03-27,31.66,stop,-0.98,-3.0
210475653,CMG,2026-03-19,32.94,31.95,36.2,2026-03-27,31.95,stop,-0.99,-3.0
210475735,CMG,2026-03-28,31.16,30.23,32.35,2026-04-01,32.35,profit_target,1.19,3.82
210475408,CMG,2026-03-08,35.29,34.23,36.94,2026-03-11,34.23,stop,-1.06,-3.0
210475689,CMG,2026-03-20,33.37,32.37,35.75,2026-03-26,32.37,stop,-1.0,-3.0
210475465,CMG,2026-03-09,35.29,34.23,36.61,2026-03-11,34.23,stop,-1.06,-3.0
210475746,CMG,2026-03-28,31.16,30.23,33.07,2026-04-02,33.07,profit_target,1.91,6.12
210475742,CMG,2026-03-28,31.16,30.23,32.43,2026-04-01,32.43,profit_target,1.27,4.09
210475736,CMG,2026-03-28,31.16,30.23,32.32,2026-04-01,32.32,profit_target,1.16,3.72
210475752,CMG,2026-03-29,31.16,30.23,32.06,2026-03-31,32.06,profit_target,0.9,2.9
210475770,CMG,2026-03-31,32.01,31.05,32.82,2026-04-01,32.82,profit_target,0.81,2.52
203973464,ED,2026-03-25,110.03,106.73,112.34,2026-03-30,112.34,profit_target,2.31,2.1
210612730,CPAY,2026-03-12,321.56,311.91,327.57,2026-03-16,311.91,stop,-9.65,-3.0
210612728,CPAY,2026-03-11,330.49,320.58,338.22,2026-03-13,320.58,stop,-9.91,-3.0
210612763,CPAY,2026-03-30,290.36,281.65,295.09,2026-03-31,295.09,profit_target,4.73,1.63
211551896,DRI,2026-03-08,200.1,194.1,204.22,2026-03-11,204.22,profit_target,4.12,2.06
211551877,DRI,2026-03-07,200.1,194.1,207.86,2026-03-16,205.11,time_stop,5.01,2.5
211551875,DRI,2026-03-07,200.1,194.1,205.3,2026-03-11,205.3,profit_target,5.2,2.6
211551912,DRI,2026-03-11,201.89,195.83,208.18,2026-03-17,208.18,profit_target,6.3,3.12
211578403,DVA,2026-03-23,152.21,147.64,158.53,2026-04-02,147.64,stop,-4.57,-3.0
212478619,FANG,2026-03-29,198.65,192.69,206.89,2026-04-01,192.69,stop,-5.96,-3.0
212478618,FANG,2026-03-27,201.84,195.78,213.04,2026-04-01,195.78,stop,-6.06,-3.0
212478555,FANG,2026-03-23,191.78,186.03,206.72,2026-04-01,190.62,time_stop,-1.16,-0.6
212478617,FANG,2026-03-27,201.84,195.78,210.48,2026-04-01,195.78,stop,-6.06,-3.0
212478541,FANG,2026-03-22,191.78,186.03,209.25,2026-04-02,193.88,time_stop,2.1,1.1
212478556,FANG,2026-03-23,191.78,186.03,210.34,2026-04-02,193.88,time_stop,2.1,1.1
212478577,FANG,2026-03-24,197.06,191.15,210.09,2026-04-01,191.15,stop,-5.91,-3.0
212478596,FANG,2026-03-25,196.02,190.14,205.27,2026-04-01,190.62,time_stop,-5.4,-2.75
212478626,FANG,2026-03-30,198.65,192.69,209.97,2026-04-01,192.69,stop,-5.96,-3.0
211375341,DLR,2026-03-24,174.71,169.47,183.79,2026-04-08,183.79,profit_target,9.08,5.2
211375342,DLR,2026-03-24,174.71,169.47,184.18,2026-04-08,184.18,profit_target,9.47,5.42
211375278,DLR,2026-03-22,176.47,171.18,185.26,2026-04-08,185.26,profit_target,8.79,4.98
211375277,DLR,2026-03-22,176.47,171.18,184.99,2026-04-08,184.99,profit_target,8.52,4.83
211375374,DLR,2026-03-25,176.43,171.14,184.35,2026-04-08,184.35,profit_target,7.92,4.49
211375375,DLR,2026-03-25,176.43,171.14,184.74,2026-04-08,184.74,profit_target,8.31,4.71
211375270,DLR,2026-03-22,176.47,171.18,184.62,2026-04-06,181.99,time_stop,5.52,3.13
211375269,DLR,2026-03-22,176.47,171.18,184.2,2026-04-02,181.69,time_stop,5.22,2.96
211375268,DLR,2026-03-22,176.47,171.18,183.99,2026-04-01,180.45,time_stop,3.98,2.26
211375428,DLR,2026-03-27,175.42,170.16,180.49,2026-03-31,180.49,profit_target,5.07,2.89
211375196,DLR,2026-03-15,181.25,175.81,192.58,2026-03-20,175.81,stop,-5.44,-3.0
211375426,DLR,2026-03-27,175.42,170.16,179.7,2026-03-31,179.7,profit_target,4.28,2.44
211375458,DLR,2026-03-29,175.18,169.92,180.26,2026-03-31,180.26,profit_target,5.08,2.9
211375245,DLR,2026-03-20,173.3,168.1,181.88,2026-03-31,181.88,profit_target,8.58,4.95
211232642,DG,2026-03-22,124.52,120.78,128.65,2026-03-24,120.78,stop,-3.74,-3.0
211232644,DG,2026-03-22,124.52,120.78,130.47,2026-03-24,120.78,stop,-3.74,-3.0
211232643,DG,2026-03-22,124.52,120.78,129.8,2026-03-24,120.78,stop,-3.74,-3.0
211232844,DG,2026-03-31,118.17,114.62,121.05,2026-04-06,121.05,profit_target,2.88,2.44
211232641,DG,2026-03-22,124.52,120.78,128.08,2026-03-24,120.78,stop,-3.74,-3.0
211232821,DG,2026-03-30,117.28,113.77,120.29,2026-04-01,120.29,profit_target,3.0,2.56
211232769,DG,2026-03-28,117.28,113.77,120.88,2026-04-06,120.88,profit_target,3.6,3.07
211232646,DG,2026-03-22,124.52,120.78,131.54,2026-03-24,120.78,stop,-3.74,-3.0
211232645,DG,2026-03-22,124.52,120.78,131.23,2026-03-24,120.78,stop,-3.74,-3.0
211232684,DG,2026-03-23,124.52,120.78,130.73,2026-03-24,120.78,stop,-3.74,-3.0
211232648,DG,2026-03-22,124.52,120.78,131.31,2026-03-24,120.78,stop,-3.74,-3.0
211232649,DG,2026-03-22,124.52,120.78,130.42,2026-03-24,120.78,stop,-3.74,-3.0
211232771,DG,2026-03-28,117.28,113.77,121.48,2026-04-06,121.48,profit_target,4.2,3.58
211232796,DG,2026-03-29,117.28,113.77,120.83,2026-04-06,120.83,profit_target,3.54,3.02
211232680,DG,2026-03-23,124.52,120.78,131.41,2026-03-24,120.78,stop,-3.74,-3.0
211232681,DG,2026-03-23,124.52,120.78,131.74,2026-03-24,120.78,stop,-3.74,-3.0
211232682,DG,2026-03-23,124.52,120.78,132.33,2026-03-24,120.78,stop,-3.74,-3.0
211232678,DG,2026-03-23,124.52,120.78,129.76,2026-03-24,120.78,stop,-3.74,-3.0
211232736,DG,2026-03-27,116.61,113.11,120.65,2026-04-06,120.65,profit_target,4.05,3.47
211232683,DG,2026-03-23,124.52,120.78,132.15,2026-03-24,120.78,stop,-3.74,-3.0
211232711,DG,2026-03-25,118.99,115.42,125.54,2026-04-06,124.42,time_stop,5.43,4.57
211232770,DG,2026-03-28,117.28,113.77,121.78,2026-04-06,121.78,profit_target,4.49,3.83
211232647,DG,2026-03-22,124.52,120.78,132.3,2026-03-24,120.78,stop,-3.74,-3.0
211232712,DG,2026-03-25,118.99,115.42,126.2,2026-04-06,124.42,time_stop,5.43,4.57
211232737,DG,2026-03-27,116.61,113.11,121.27,2026-04-06,121.27,profit_target,4.66,4.0
211232650,DG,2026-03-22,124.52,120.78,131.44,2026-03-24,120.78,stop,-3.74,-3.0
211232685,DG,2026-03-23,124.52,120.78,131.84,2026-03-24,120.78,stop,-3.74,-3.0
211232768,DG,2026-03-28,117.28,113.77,120.71,2026-04-06,120.71,profit_target,3.42,2.92
211232713,DG,2026-03-25,118.99,115.42,126.23,2026-04-08,123.05,time_stop,4.06,3.42
211232715,DG,2026-03-25,118.99,115.42,125.99,2026-04-10,115.73,time_stop,-3.26,-2.74
211232738,DG,2026-03-27,116.61,113.11,121.32,2026-04-06,121.32,profit_target,4.71,4.04
211232822,DG,2026-03-30,117.28,113.77,121.12,2026-04-06,121.12,profit_target,3.84,3.27
211232714,DG,2026-03-25,118.99,115.42,125.58,2026-04-09,119.75,time_stop,0.76,0.64
211232797,DG,2026-03-29,117.28,113.77,121.41,2026-04-06,121.41,profit_target,4.13,3.52
211232740,DG,2026-03-27,116.61,113.11,121.08,2026-04-06,121.08,profit_target,4.48,3.84
211232732,DG,2026-03-26,118.67,115.11,123.82,2026-04-06,123.82,profit_target,5.15,4.34
211232766,DG,2026-03-28,117.28,113.77,118.82,2026-03-31,118.82,profit_target,1.54,1.31
211232628,DG,2026-03-14,134.21,130.19,142.75,2026-03-18,130.19,stop,-4.03,-3.0
211232599,DG,2026-03-05,145.86,141.48,149.55,2026-03-09,144.83,time_stop,-1.03,-0.7
211232613,DG,2026-03-08,144.83,140.49,149.92,2026-03-12,140.49,stop,-4.34,-3.0
211497948,DPZ,2026-03-25,362.53,351.65,370.94,2026-03-27,351.65,stop,-10.88,-3.0
211497947,DPZ,2026-03-25,362.53,351.65,370.51,2026-03-27,351.65,stop,-10.88,-3.0
211497897,DPZ,2026-03-15,392.27,380.5,411.57,2026-03-18,380.5,stop,-11.77,-3.0
211497896,DPZ,2026-03-15,392.27,380.5,410.51,2026-03-18,380.5,stop,-11.77,-3.0
211497879,DPZ,2026-03-14,392.27,380.5,414.9,2026-03-18,380.5,stop,-11.77,-3.0
211497878,DPZ,2026-03-14,392.27,380.5,413.41,2026-03-18,380.5,stop,-11.77,-3.0
211497883,DPZ,2026-03-14,392.27,380.5,414.2,2026-03-18,380.5,stop,-11.77,-3.0
211497899,DPZ,2026-03-15,392.27,380.5,411.06,2026-03-18,380.5,stop,-11.77,-3.0
211497881,DPZ,2026-03-14,392.27,380.5,413.65,2026-03-18,380.5,stop,-11.77,-3.0
211497908,DPZ,2026-03-16,392.27,380.5,410.16,2026-03-18,380.5,stop,-11.77,-3.0
211497907,DPZ,2026-03-16,392.27,380.5,409.49,2026-03-18,380.5,stop,-11.77,-3.0
211497917,DPZ,2026-03-17,396.18,384.29,413.02,2026-03-18,384.29,stop,-11.89,-3.0
211497916,DPZ,2026-03-17,396.18,384.29,412.38,2026-03-18,384.29,stop,-11.89,-3.0
211497931,DPZ,2026-03-18,376.92,365.61,392.0,2026-03-24,365.61,stop,-11.31,-3.0
211497930,DPZ,2026-03-18,376.92,365.61,392.3,2026-03-24,365.61,stop,-11.31,-3.0
211497818,DPZ,2026-03-11,391.31,379.57,410.72,2026-03-18,379.57,stop,-11.74,-3.0
211497817,DPZ,2026-03-11,391.31,379.57,408.65,2026-03-18,379.57,stop,-11.74,-3.0
211497942,DPZ,2026-03-22,366.8,355.8,377.84,2026-03-27,355.8,stop,-11.0,-3.0
211497820,DPZ,2026-03-11,391.31,379.57,408.92,2026-03-18,379.57,stop,-11.74,-3.0
211497941,DPZ,2026-03-22,366.8,355.8,376.52,2026-03-27,355.8,stop,-11.0,-3.0
211497821,DPZ,2026-03-11,391.31,379.57,408.3,2026-03-18,379.57,stop,-11.74,-3.0
211497840,DPZ,2026-03-12,393.99,382.17,411.33,2026-03-18,382.17,stop,-11.82,-3.0
211497857,DPZ,2026-03-13,401.63,389.58,418.62,2026-03-18,389.58,stop,-12.05,-3.0
211497855,DPZ,2026-03-13,401.63,389.58,418.14,2026-03-18,389.58,stop,-12.05,-3.0
211497842,DPZ,2026-03-12,393.99,382.17,409.95,2026-03-18,382.17,stop,-11.82,-3.0
211497951,DPZ,2026-03-30,352.94,342.35,358.83,2026-03-31,358.83,profit_target,5.89,1.67
201901532,DTE,2026-03-22,142.29,138.02,147.81,2026-04-02,147.81,profit_target,5.52,3.88
198842018,DUK,2026-03-12,131.82,127.87,136.97,2026-03-20,127.87,stop,-3.95,-3.0
198842014,DUK,2026-03-12,131.82,127.87,136.71,2026-03-20,127.87,stop,-3.95,-3.0
198842129,DUK,2026-03-13,133.15,129.16,135.75,2026-03-17,132.95,time_stop,-0.2,-0.15
198842140,DUK,2026-03-13,133.15,129.16,138.29,2026-03-20,129.16,stop,-3.99,-3.0
212237888,EW,2026-03-23,82.02,79.56,84.92,2026-03-27,79.56,stop,-2.46,-3.0
211845372,ELV,2026-03-08,279.02,270.65,292.11,2026-03-12,292.11,profit_target,13.09,4.69
211845380,ELV,2026-03-09,279.02,270.65,290.79,2026-03-12,290.79,profit_target,11.77,4.22
211845381,ELV,2026-03-09,279.02,270.65,291.85,2026-03-12,291.85,profit_target,12.83,4.6
211845395,ELV,2026-03-11,289.79,281.1,299.35,2026-03-16,292.07,time_stop,2.28,0.79
211845405,ELV,2026-03-12,287.89,279.25,295.63,2026-03-16,292.07,time_stop,4.18,1.45
211948394,EOG,2026-03-25,142.11,137.84,148.71,2026-03-27,148.71,profit_target,6.61,4.65
211964282,EPAM,2026-03-25,133.26,129.26,141.87,2026-04-01,135.12,time_stop,1.86,1.4
211964283,EPAM,2026-03-25,133.26,129.26,142.89,2026-04-02,137.99,time_stop,4.73,3.55
212119061,ERIE,2026-03-25,234.73,227.69,244.22,2026-03-30,244.22,profit_target,9.48,4.04
212137268,ESS,2026-03-01,253.3,245.7,259.38,2026-03-05,255.48,time_stop,2.19,0.86
212137331,ESS,2026-03-08,252.61,245.04,262.79,2026-03-18,245.04,stop,-7.58,-3.0
212137330,ESS,2026-03-08,252.61,245.04,261.41,2026-03-18,245.04,stop,-7.58,-3.0
212137269,ESS,2026-03-01,253.3,245.7,260.64,2026-03-06,252.41,time_stop,-0.89,-0.35
212137298,ESS,2026-03-03,252.77,245.19,264.43,2026-03-17,248.38,time_stop,-4.39,-1.74
212137355,ESS,2026-03-10,251.58,244.03,257.54,2026-03-17,248.38,time_stop,-3.2,-1.27
212137296,ESS,2026-03-03,252.77,245.19,261.85,2026-03-16,246.44,time_stop,-6.33,-2.5
212137293,ESS,2026-03-03,252.77,245.19,257.02,2026-03-09,252.61,time_stop,-0.16,-0.06
212137358,ESS,2026-03-11,247.55,240.12,252.77,2026-03-17,248.38,time_stop,0.83,0.34
212424403,EXR,2026-03-25,129.99,126.09,133.38,2026-04-02,133.38,profit_target,3.39,2.61
212424411,EXR,2026-03-26,130.49,126.58,132.92,2026-04-02,132.92,profit_target,2.43,1.86
212424420,EXR,2026-03-27,128.96,125.09,131.62,2026-03-30,131.62,profit_target,2.66,2.06
212424423,EXR,2026-03-27,128.96,125.09,132.7,2026-04-01,132.7,profit_target,3.74,2.9
212424431,EXR,2026-03-28,128.28,124.43,132.19,2026-04-01,132.19,profit_target,3.91,3.05
212424404,EXR,2026-03-25,129.99,126.09,133.24,2026-04-02,133.24,profit_target,3.25,2.5
212424419,EXR,2026-03-27,128.96,125.09,131.17,2026-03-30,131.17,profit_target,2.21,1.71
212424406,EXR,2026-03-25,129.99,126.09,134.33,2026-04-06,134.33,profit_target,4.34,3.34
212424432,EXR,2026-03-28,128.28,124.43,132.73,2026-04-01,132.73,profit_target,4.45,3.47
212424402,EXR,2026-03-25,129.99,126.09,133.77,2026-04-01,132.49,time_stop,2.5,1.92
212424412,EXR,2026-03-26,130.49,126.58,132.97,2026-04-02,132.97,profit_target,2.48,1.9
212424421,EXR,2026-03-27,128.96,125.09,132.13,2026-04-01,132.13,profit_target,3.17,2.46
212424424,EXR,2026-03-27,128.96,125.09,133.89,2026-04-02,133.89,profit_target,4.93,3.82
212424413,EXR,2026-03-26,130.49,126.58,134.05,2026-04-02,134.05,profit_target,3.56,2.73
212424429,EXR,2026-03-28,128.28,124.43,132.14,2026-04-01,132.14,profit_target,3.86,3.01
212424422,EXR,2026-03-27,128.96,125.09,132.87,2026-04-02,132.87,profit_target,3.91,3.03
212717113,FIS,2026-03-23,49.77,48.28,51.86,2026-03-25,48.28,stop,-1.49,-3.0
212717104,FIS,2026-03-19,49.26,47.78,51.2,2026-03-25,47.78,stop,-1.48,-3.0
212717093,FIS,2026-03-16,50.44,48.93,52.8,2026-03-25,48.93,stop,-1.51,-3.0
212717094,FIS,2026-03-16,50.44,48.93,52.72,2026-03-25,48.93,stop,-1.51,-3.0
212899172,GDDY,2026-03-28,81.74,79.29,83.86,2026-04-02,83.86,profit_target,2.12,2.59
212899171,GDDY,2026-03-28,81.74,79.29,83.42,2026-04-01,80.76,time_stop,-0.98,-1.2
212899056,GDDY,2026-03-18,84.13,81.61,90.75,2026-03-24,81.61,stop,-2.52,-3.0
212899055,GDDY,2026-03-18,84.13,81.61,89.35,2026-03-24,81.61,stop,-2.52,-3.0
212899133,GDDY,2026-03-23,84.13,81.61,88.41,2026-03-24,81.61,stop,-2.52,-3.0
212899116,GDDY,2026-03-22,84.13,81.61,88.27,2026-03-24,81.61,stop,-2.52,-3.0
212899132,GDDY,2026-03-23,84.13,81.61,87.16,2026-03-24,81.61,stop,-2.52,-3.0
212899174,GDDY,2026-03-29,81.74,79.29,83.5,2026-04-02,83.5,profit_target,1.76,2.15
213332420,HIG,2026-03-28,134.44,130.41,139.0,2026-04-02,136.19,time_stop,1.75,1.3
213332407,HIG,2026-03-23,135.43,131.37,140.54,2026-04-06,136.42,time_stop,0.99,0.73
213532458,HSIC,2026-03-23,74.46,72.23,77.49,2026-03-27,72.23,stop,-2.23,-3.0
213532587,HSIC,2026-03-22,74.46,72.23,77.29,2026-03-27,72.23,stop,-2.23,-3.0
213532589,HSIC,2026-03-22,74.46,72.23,77.31,2026-03-27,72.23,stop,-2.23,-3.0
213579312,HUBB,2026-03-12,468.41,454.36,478.34,2026-03-16,478.34,profit_target,9.93,2.12
213579313,HUBB,2026-03-12,468.41,454.36,479.23,2026-03-16,479.23,profit_target,10.82,2.31
213579300,HUBB,2026-03-10,478.06,463.72,488.39,2026-03-16,472.64,time_stop,-5.42,-1.13
213579448,HUBB,2026-03-23,489.07,474.4,523.4,2026-03-30,474.4,stop,-14.67,-3.0
213579447,HUBB,2026-03-23,489.07,474.4,524.67,2026-03-30,474.4,stop,-14.67,-3.0
213579446,HUBB,2026-03-23,489.07,474.4,523.21,2026-03-30,474.4,stop,-14.67,-3.0
213579591,HUBB,2026-03-24,505.62,490.45,531.41,2026-03-26,490.45,stop,-15.17,-3.0
213579590,HUBB,2026-03-24,505.62,490.45,532.32,2026-03-26,490.45,stop,-15.17,-3.0
213579589,HUBB,2026-03-24,505.62,490.45,531.0,2026-03-26,490.45,stop,-15.17,-3.0
213579305,HUBB,2026-03-11,477.97,463.63,489.49,2026-03-16,472.64,time_stop,-5.33,-1.12
213579297,HUBB,2026-03-09,487.76,473.13,498.98,2026-03-12,473.13,stop,-14.63,-3.0
213579294,HUBB,2026-03-08,487.76,473.13,498.1,2026-03-12,473.13,stop,-14.63,-3.0
213636073,ICE,2026-03-01,164.25,159.32,169.42,2026-03-05,163.47,time_stop,-0.78,-0.47
213636077,ICE,2026-03-02,164.25,159.32,168.62,2026-03-06,165.65,time_stop,1.41,0.86
214101686,ISRG,2026-03-23,478.04,463.7,509.35,2026-03-27,463.7,stop,-14.34,-3.0
214101688,ISRG,2026-03-23,478.04,463.7,513.22,2026-03-27,463.7,stop,-14.34,-3.0
214101687,ISRG,2026-03-23,478.04,463.7,512.55,2026-03-27,463.7,stop,-14.34,-3.0
214101689,ISRG,2026-03-23,478.04,463.7,511.84,2026-03-27,463.7,stop,-14.34,-3.0
214101690,ISRG,2026-03-23,478.04,463.7,514.23,2026-03-27,463.7,stop,-14.34,-3.0
214101695,ISRG,2026-03-23,478.04,463.7,512.84,2026-03-27,463.7,stop,-14.34,-3.0
214101694,ISRG,2026-03-23,478.04,463.7,513.03,2026-03-27,463.7,stop,-14.34,-3.0
213956298,IQV,2026-03-24,166.09,161.11,172.42,2026-03-31,172.42,profit_target,6.33,3.81
213956301,IQV,2026-03-24,166.09,161.11,178.71,2026-04-10,167.34,time_stop,1.25,0.75
213956303,IQV,2026-03-24,166.09,161.11,177.52,2026-04-08,177.52,profit_target,11.43,6.88
213956679,IQV,2026-03-26,169.4,164.32,174.38,2026-03-27,164.32,stop,-5.08,-3.0
217866881,SJM,2026-03-26,95.11,92.26,96.9,2026-03-27,96.9,profit_target,1.79,1.88
217866862,SJM,2026-03-24,96.86,93.95,99.17,2026-04-01,95.49,time_stop,-1.37,-1.41
217866853,SJM,2026-03-22,98.38,95.43,101.34,2026-03-25,95.43,stop,-2.95,-3.0
217866790,SJM,2026-03-14,104.99,101.84,109.4,2026-03-18,101.84,stop,-3.15,-3.0
217866802,SJM,2026-03-15,104.99,101.84,108.94,2026-03-18,101.84,stop,-3.15,-3.0
217866867,SJM,2026-03-24,96.86,93.95,99.42,2026-04-06,95.22,time_stop,-1.64,-1.69
217866866,SJM,2026-03-24,96.86,93.95,99.43,2026-04-06,95.22,time_stop,-1.64,-1.69
217866814,SJM,2026-03-16,104.99,101.84,108.72,2026-03-18,101.84,stop,-3.15,-3.0
217866875,SJM,2026-03-25,95.39,92.53,97.43,2026-04-06,95.22,time_stop,-0.17,-0.18
217866874,SJM,2026-03-25,95.39,92.53,97.45,2026-04-06,95.22,time_stop,-0.17,-0.18
217866825,SJM,2026-03-18,101.4,98.36,104.73,2026-03-24,98.36,stop,-3.04,-3.0
217866885,SJM,2026-03-26,95.11,92.26,97.31,2026-04-06,95.22,time_stop,0.11,0.12
214518567,KMI,2026-03-18,32.61,31.63,34.97,2026-04-02,32.97,time_stop,0.36,1.1
214518566,KMI,2026-03-18,32.61,31.63,34.8,2026-04-01,32.88,time_stop,0.27,0.83
214597082,LDOS,2026-03-31,155.52,150.85,159.11,2026-04-02,159.11,profit_target,3.59,2.31
214597065,LDOS,2026-03-23,162.54,157.66,170.67,2026-03-26,157.66,stop,-4.88,-3.0
214597081,LDOS,2026-03-31,155.52,150.85,159.45,2026-04-06,159.45,profit_target,3.93,2.53
214597068,LDOS,2026-03-25,158.88,154.11,164.25,2026-04-10,154.11,stop,-4.77,-3.0
214597069,LDOS,2026-03-25,158.88,154.11,164.15,2026-04-10,154.11,stop,-4.77,-3.0
214597070,LDOS,2026-03-25,158.88,154.11,164.27,2026-04-10,154.11,stop,-4.77,-3.0
214597075,LDOS,2026-03-27,155.53,150.86,159.98,2026-04-06,159.98,profit_target,4.45,2.86
214597076,LDOS,2026-03-29,154.19,149.56,156.81,2026-03-31,156.81,profit_target,2.62,1.7
214677194,LII,2026-03-11,507.17,491.96,519.34,2026-03-12,491.96,stop,-15.22,-3.0
200367167,L,2026-03-23,106.45,103.26,109.88,2026-04-06,107.77,time_stop,1.32,1.24
200367165,L,2026-03-23,106.45,103.26,110.29,2026-04-02,107.69,time_stop,1.24,1.16
201345145,L,2026-03-23,106.45,103.26,110.02,2026-04-01,106.64,time_stop,0.19,0.18
200367084,L,2026-03-22,106.45,103.26,110.47,2026-04-02,107.69,time_stop,1.24,1.16
200367245,L,2026-03-24,107.14,103.93,110.02,2026-04-01,106.64,time_stop,-0.5,-0.47
200367180,L,2026-03-23,106.45,103.26,110.73,2026-04-09,110.73,profit_target,4.28,4.02
202505272,L,2026-03-22,106.45,103.26,110.35,2026-04-01,106.64,time_stop,0.19,0.18
200367249,L,2026-03-24,107.14,103.93,110.23,2026-04-06,107.77,time_stop,0.63,0.59
200367247,L,2026-03-24,107.14,103.93,110.45,2026-04-02,107.69,time_stop,0.55,0.51
200367354,L,2026-03-25,106.4,103.21,109.04,2026-04-01,106.64,time_stop,0.24,0.23
200367169,L,2026-03-23,106.45,103.26,110.37,2026-04-06,107.77,time_stop,1.32,1.24
200367176,L,2026-03-23,106.45,103.26,111.1,2026-04-09,111.1,profit_target,4.65,4.37
200367175,L,2026-03-23,106.45,103.26,110.63,2026-04-08,109.79,time_stop,3.34,3.14
200367178,L,2026-03-23,106.45,103.26,110.93,2026-04-09,110.93,profit_target,4.48,4.21
200367451,L,2026-03-26,106.87,103.66,109.87,2026-04-02,107.69,time_stop,0.82,0.77
200367667,L,2026-03-28,105.83,102.66,108.74,2026-04-02,107.69,time_stop,1.86,1.76
200367758,L,2026-03-29,105.83,102.66,108.44,2026-04-02,107.69,time_stop,1.86,1.76
215715312,MPC,2026-03-11,226.74,219.94,232.82,2026-03-12,232.82,profit_target,6.08,2.68
196107197,MKL,2026-03-24,1898.51,1841.55,1960.78,2026-04-02,1898.98,time_stop,0.47,0.02
196107198,MKL,2026-03-27,1867.29,1811.27,1925.74,2026-04-01,1925.74,profit_target,58.45,3.13
215579140,MKTX,2026-03-31,164.98,160.03,172.54,2026-04-06,172.54,profit_target,7.56,4.58
215986103,MTCH,2026-03-12,29.91,29.02,30.93,2026-03-13,30.93,profit_target,1.02,3.41
215394125,MELI,2026-03-28,1619.2,1570.62,1690.93,2026-03-31,1690.93,profit_target,71.73,4.43
215447633,META,2026-03-18,615.68,597.21,644.37,2026-03-20,597.21,stop,-18.47,-3.0
215447089,META,2026-03-28,536.38,520.29,548.45,2026-03-31,548.45,profit_target,12.07,2.25
215417765,MET,2026-03-29,68.27,66.22,70.5,2026-03-31,70.5,profit_target,2.23,3.26
215417749,MET,2026-03-23,69.18,67.1,71.85,2026-04-01,71.85,profit_target,2.67,3.86
215128690,MAA,2026-03-24,120.33,116.72,124.65,2026-04-06,123.31,time_stop,2.97,2.47
215128705,MAA,2026-03-31,120.64,117.02,122.97,2026-04-02,122.97,profit_target,2.33,1.93
215128701,MAA,2026-03-30,120.25,116.64,122.82,2026-04-02,122.82,profit_target,2.57,2.14
215128702,MAA,2026-03-30,120.25,116.64,122.23,2026-03-31,122.23,profit_target,1.98,1.65
215674495,MOH,2026-03-27,134.03,130.01,137.31,2026-03-31,137.31,profit_target,3.28,2.45
215373280,MDLZ,2026-03-30,57.75,56.02,58.47,2026-04-06,58.47,profit_target,0.72,1.24
215277952,MCO,2026-03-13,430.01,417.11,453.62,2026-04-01,438.78,time_stop,8.77,2.04
215277953,MCO,2026-03-13,430.01,417.11,454.0,2026-04-02,440.79,time_stop,10.78,2.51
215843099,MSCI,2026-03-27,523.4,507.7,546.27,2026-04-02,546.27,profit_target,22.87,4.37
215843107,MSCI,2026-03-29,531.88,515.92,549.64,2026-04-02,544.78,time_stop,12.9,2.43
216448150,NWS,2026-03-13,26.76,25.96,27.47,2026-03-16,27.47,profit_target,0.71,2.65
216448148,NWS,2026-03-12,26.66,25.86,27.49,2026-03-16,27.49,profit_target,0.83,3.1
216458295,NWSA,2026-03-12,23.58,22.87,24.3,2026-03-16,24.3,profit_target,0.72,3.06
199218317,NI,2026-03-15,47.47,46.05,49.2,2026-03-20,46.05,stop,-1.42,-3.0
199218318,NI,2026-03-15,47.47,46.05,49.27,2026-03-20,46.05,stop,-1.42,-3.0
200178963,NI,2026-03-16,47.47,46.05,49.13,2026-03-20,46.05,stop,-1.42,-3.0
199218145,NI,2026-03-14,47.47,46.05,49.35,2026-03-20,46.05,stop,-1.42,-3.0
200178636,NI,2026-03-10,46.57,45.17,48.56,2026-03-20,45.17,stop,-1.4,-3.0
199244703,OKE,2026-03-27,93.96,91.14,96.0,2026-03-31,91.14,stop,-2.82,-3.0
202558955,OKE,2026-03-28,92.96,90.17,95.29,2026-04-01,90.17,stop,-2.79,-3.0
200478023,OKE,2026-03-28,92.96,90.17,95.01,2026-04-01,90.17,stop,-2.79,-3.0
205238559,OKE,2026-03-27,93.96,91.14,96.28,2026-03-31,91.14,stop,-2.82,-3.0
216766430,PANW,2026-03-08,165.1,160.15,169.28,2026-03-13,169.28,profit_target,4.18,2.53
216766431,PANW,2026-03-08,165.1,160.15,169.21,2026-03-13,169.21,profit_target,4.11,2.49
216766429,PANW,2026-03-08,165.1,160.15,168.73,2026-03-11,168.73,profit_target,3.63,2.2
216766428,PANW,2026-03-08,165.1,160.15,169.01,2026-03-11,169.01,profit_target,3.91,2.37
216766426,PANW,2026-03-08,165.1,160.15,168.09,2026-03-11,168.09,profit_target,2.99,1.81
216766427,PANW,2026-03-08,165.1,160.15,168.35,2026-03-11,168.35,profit_target,3.25,1.97
216766418,PANW,2026-03-06,165.05,160.1,170.4,2026-03-13,170.4,profit_target,5.35,3.24
216838509,PAYC,2026-03-08,138.25,134.1,143.45,2026-03-10,134.1,stop,-4.15,-3.0
216838507,PAYC,2026-03-08,138.25,134.1,142.58,2026-03-10,134.1,stop,-4.15,-3.0
216838506,PAYC,2026-03-08,138.25,134.1,141.73,2026-03-10,134.1,stop,-4.15,-3.0
216838505,PAYC,2026-03-08,138.25,134.1,141.65,2026-03-10,134.1,stop,-4.15,-3.0
217437035,PYPL,2026-03-13,44.9,43.55,46.27,2026-03-17,46.27,profit_target,1.37,3.05
217437001,PYPL,2026-03-08,46.16,44.78,49.11,2026-03-12,44.78,stop,-1.38,-3.0
217437028,PYPL,2026-03-12,44.36,43.03,46.06,2026-03-17,46.06,profit_target,1.7,3.83
217436980,PYPL,2026-03-06,46.97,45.56,50.03,2026-03-10,45.56,stop,-1.41,-3.0
217437014,PYPL,2026-03-10,45.02,43.67,46.78,2026-03-16,45.42,time_stop,0.4,0.89
217437013,PYPL,2026-03-10,45.02,43.67,46.17,2026-03-16,45.42,time_stop,0.4,0.89
197263595,PEP,2026-03-13,159.88,155.08,166.4,2026-03-18,155.08,stop,-4.8,-3.0
217120948,PM,2026-03-24,163.87,158.95,169.11,2026-04-01,158.95,stop,-4.92,-3.0
217120949,PM,2026-03-24,163.87,158.95,169.54,2026-04-01,158.95,stop,-4.92,-3.0
217120966,PM,2026-03-25,165.5,160.54,170.22,2026-04-01,160.54,stop,-4.97,-3.0
217120931,PM,2026-03-23,163.24,158.34,170.18,2026-04-01,158.34,stop,-4.9,-3.0
217120955,PM,2026-03-24,163.87,158.95,171.0,2026-04-01,158.95,stop,-4.92,-3.0
217120952,PM,2026-03-24,163.87,158.95,170.29,2026-04-01,158.95,stop,-4.92,-3.0
217120950,PM,2026-03-24,163.87,158.95,169.93,2026-04-01,158.95,stop,-4.92,-3.0
217120951,PM,2026-03-24,163.87,158.95,169.69,2026-04-01,158.95,stop,-4.92,-3.0
217120984,PM,2026-03-26,162.49,157.62,166.26,2026-03-31,166.26,profit_target,3.77,2.32
217120985,PM,2026-03-26,162.49,157.62,166.75,2026-04-01,157.62,stop,-4.87,-3.0
217121001,PM,2026-03-27,163.54,158.63,167.48,2026-04-01,158.63,stop,-4.91,-3.0
217120971,PM,2026-03-25,165.5,160.54,170.94,2026-04-01,160.54,stop,-4.97,-3.0
217120990,PM,2026-03-26,162.49,157.62,167.66,2026-04-01,157.62,stop,-4.87,-3.0
217121008,PM,2026-03-28,164.83,159.89,167.67,2026-04-01,159.89,stop,-4.94,-3.0
217121028,PM,2026-03-31,165.34,160.38,169.14,2026-04-01,160.38,stop,-4.96,-3.0
217120947,PM,2026-03-24,163.87,158.95,168.85,2026-04-01,158.95,stop,-4.92,-3.0
217120930,PM,2026-03-23,163.24,158.34,169.56,2026-04-01,158.34,stop,-4.9,-3.0
217365013,PSX,2026-03-24,184.12,178.6,194.91,2026-04-01,178.6,stop,-5.52,-3.0
216963228,PFG,2026-03-28,88.23,85.58,90.18,2026-03-31,90.18,profit_target,1.95,2.21
216963215,PFG,2026-03-26,88.94,86.27,90.31,2026-03-31,90.31,profit_target,1.37,1.54
216963222,PFG,2026-03-27,87.01,84.4,88.82,2026-03-30,88.82,profit_target,1.81,2.08
216963197,PFG,2026-03-23,86.55,83.95,89.4,2026-03-26,89.4,profit_target,2.85,3.29
216963227,PFG,2026-03-28,88.23,85.58,89.62,2026-03-31,89.62,profit_target,1.39,1.58
216963211,PFG,2026-03-24,87.72,85.09,89.73,2026-03-26,89.73,profit_target,2.01,2.29
216963237,PFG,2026-03-29,88.23,85.58,90.26,2026-03-31,90.26,profit_target,2.03,2.3
216963220,PFG,2026-03-27,87.01,84.4,88.58,2026-03-30,88.58,profit_target,1.57,1.8
216963238,PFG,2026-03-29,88.23,85.58,91.2,2026-04-01,91.2,profit_target,2.97,3.37
217055106,PLD,2026-03-25,130.36,126.45,133.15,2026-03-31,133.15,profit_target,2.79,2.14
217055102,PLD,2026-03-24,130.35,126.44,134.72,2026-04-01,133.33,time_stop,2.98,2.29
217055097,PLD,2026-03-23,130.31,126.4,134.65,2026-04-01,133.33,time_stop,3.02,2.32
217055079,PLD,2026-03-14,133.0,129.01,140.74,2026-03-20,129.01,stop,-3.99,-3.0
217055087,PLD,2026-03-15,133.0,129.01,140.08,2026-03-20,129.01,stop,-3.99,-3.0
217306332,PRU,2026-03-29,94.48,91.65,97.59,2026-03-31,97.59,profit_target,3.11,3.29
217306328,PRU,2026-03-28,94.48,91.65,97.89,2026-03-31,97.89,profit_target,3.41,3.61
211278633,DGX,2026-03-21,194.75,188.91,202.87,2026-04-01,196.83,time_stop,2.08,1.07
211278634,DGX,2026-03-21,194.75,188.91,202.77,2026-04-02,197.16,time_stop,2.41,1.24
211278824,DGX,2026-03-25,195.61,189.74,202.51,2026-04-06,198.96,time_stop,3.35,1.71
211278691,DGX,2026-03-22,194.75,188.91,202.68,2026-04-02,197.16,time_stop,2.41,1.24
211278635,DGX,2026-03-21,194.75,188.91,203.14,2026-04-06,198.96,time_stop,4.21,2.16
211278809,DGX,2026-03-24,195.23,189.37,202.96,2026-04-06,198.96,time_stop,3.73,1.91
210771246,CRM,2026-03-28,184.57,179.03,190.16,2026-04-02,186.71,time_stop,2.14,1.16
210771245,CRM,2026-03-28,184.57,179.03,189.44,2026-04-01,185.78,time_stop,1.21,0.65
210771247,CRM,2026-03-28,184.57,179.03,191.99,2026-04-06,184.57,time_stop,0.0,0.0
210771229,CRM,2026-03-07,198.29,192.35,202.87,2026-03-11,193.65,time_stop,-4.65,-2.34
210771238,CRM,2026-03-27,178.86,173.5,184.44,2026-03-30,184.44,profit_target,5.58,3.12
210771249,CRM,2026-03-28,184.57,179.03,192.65,2026-04-06,184.57,time_stop,0.0,0.0
216214869,NOW,2026-03-08,121.93,118.27,126.11,2026-03-10,118.27,stop,-3.66,-3.0
216214870,NOW,2026-03-08,121.93,118.27,125.43,2026-03-10,118.27,stop,-3.66,-3.0
218136900,STE,2026-03-23,221.0,214.37,229.35,2026-04-01,219.94,time_stop,-1.06,-0.48
218136901,STE,2026-03-23,221.0,214.37,230.64,2026-04-02,218.71,time_stop,-2.29,-1.04
218778990,TMUS,2026-03-15,214.82,208.38,230.85,2026-03-18,208.38,stop,-6.44,-3.0
218778989,TMUS,2026-03-15,214.82,208.38,230.52,2026-03-18,208.38,stop,-6.44,-3.0
218778982,TMUS,2026-03-14,214.82,208.38,227.71,2026-03-18,208.38,stop,-6.44,-3.0
218779017,TMUS,2026-03-20,208.47,202.22,220.42,2026-04-02,202.22,stop,-6.25,-3.0
218779016,TMUS,2026-03-20,208.47,202.22,220.19,2026-04-02,202.22,stop,-6.25,-3.0
218778988,TMUS,2026-03-15,214.82,208.38,229.28,2026-03-18,208.38,stop,-6.44,-3.0
218779015,TMUS,2026-03-20,208.47,202.22,218.21,2026-04-01,204.25,time_stop,-4.22,-2.02
218779006,TMUS,2026-03-16,214.82,208.38,231.51,2026-03-18,208.38,stop,-6.44,-3.0
218779005,TMUS,2026-03-16,214.82,208.38,231.15,2026-03-18,208.38,stop,-6.44,-3.0
218833999,TPR,2026-03-08,145.5,141.14,149.65,2026-03-10,149.65,profit_target,4.15,2.85
218875654,TRGP,2026-03-01,239.61,232.42,248.81,2026-03-05,239.01,time_stop,-0.6,-0.25
218875717,TRGP,2026-03-27,250.23,242.72,257.61,2026-04-01,244.79,time_stop,-5.44,-2.17
218875721,TRGP,2026-03-28,248.09,240.65,255.01,2026-04-01,244.79,time_stop,-3.3,-1.33
218875704,TRGP,2026-03-23,239.92,232.72,250.43,2026-03-26,250.43,profit_target,10.51,4.38
218473823,TDY,2026-03-22,623.8,605.09,651.0,2026-03-27,605.09,stop,-18.71,-3.0
218473835,TDY,2026-03-22,623.8,605.09,666.72,2026-03-27,605.09,stop,-18.71,-3.0
197704604,TSLA,2026-03-28,355.28,344.62,378.3,2026-04-01,378.3,profit_target,23.02,6.48
214403513,KHC,2026-03-23,21.21,20.57,22.3,2026-03-30,22.3,profit_target,1.09,5.12
214402969,KHC,2026-03-27,22.04,21.38,22.87,2026-04-06,22.87,profit_target,0.83,3.77
214402923,KHC,2026-03-25,21.51,20.86,22.16,2026-03-27,22.16,profit_target,0.65,3.03
214402884,KHC,2026-03-24,21.32,20.68,22.15,2026-03-27,22.15,profit_target,0.83,3.89
214403510,KHC,2026-03-23,21.21,20.57,22.13,2026-03-27,22.13,profit_target,0.92,4.32
214403512,KHC,2026-03-23,21.21,20.57,22.42,2026-03-30,22.42,profit_target,1.21,5.7
214403514,KHC,2026-03-23,21.21,20.57,22.38,2026-03-30,22.38,profit_target,1.17,5.53
214403556,KHC,2026-03-23,21.21,20.57,23.03,2026-04-06,23.03,profit_target,1.82,8.57
214403555,KHC,2026-03-23,21.21,20.57,22.86,2026-04-06,22.86,profit_target,1.65,7.77
214403511,KHC,2026-03-23,21.21,20.57,22.26,2026-03-27,22.26,profit_target,1.05,4.97
214403554,KHC,2026-03-23,21.21,20.57,22.8,2026-04-02,22.8,profit_target,1.59,7.52
214403553,KHC,2026-03-23,21.21,20.57,22.76,2026-04-02,22.76,profit_target,1.55,7.32
214403515,KHC,2026-03-23,21.21,20.57,22.43,2026-03-30,22.43,profit_target,1.22,5.74
214402924,KHC,2026-03-25,21.51,20.86,22.12,2026-03-27,22.12,profit_target,0.61,2.82
214403516,KHC,2026-03-23,21.21,20.57,22.5,2026-03-31,22.5,profit_target,1.29,6.1
214402934,KHC,2026-03-25,21.51,20.86,22.73,2026-04-02,22.73,profit_target,1.22,5.69
214403550,KHC,2026-03-23,21.21,20.57,22.75,2026-04-02,22.75,profit_target,1.54,7.25
214403551,KHC,2026-03-23,21.21,20.57,22.75,2026-04-02,22.75,profit_target,1.54,7.28
214403517,KHC,2026-03-23,21.21,20.57,22.68,2026-04-02,22.68,profit_target,1.47,6.94
214402933,KHC,2026-03-25,21.51,20.86,22.58,2026-03-31,22.58,profit_target,1.07,4.96
214403549,KHC,2026-03-23,21.21,20.57,22.73,2026-04-02,22.73,profit_target,1.52,7.16
214403485,KHC,2026-03-22,21.21,20.57,22.38,2026-03-30,22.38,profit_target,1.17,5.53
214402968,KHC,2026-03-27,22.04,21.38,22.84,2026-04-02,22.84,profit_target,0.8,3.62
214403404,KHC,2026-03-12,22.33,21.66,23.83,2026-03-20,21.66,stop,-0.67,-3.0
214403405,KHC,2026-03-12,22.33,21.66,23.84,2026-03-20,21.66,stop,-0.67,-3.0
214403361,KHC,2026-03-12,22.33,21.66,23.03,2026-03-17,23.03,profit_target,0.7,3.15
214403360,KHC,2026-03-12,22.33,21.66,22.78,2026-03-16,22.78,profit_target,0.45,2.02
214402962,KHC,2026-03-27,22.04,21.38,22.4,2026-03-30,22.4,profit_target,0.36,1.63
218366672,TDG,2026-03-15,1247.82,1210.39,1292.37,2026-03-18,1210.39,stop,-37.43,-3.0
218366685,TDG,2026-03-16,1247.82,1210.39,1288.87,2026-03-18,1210.39,stop,-37.43,-3.0
218366686,TDG,2026-03-16,1247.82,1210.39,1289.12,2026-03-18,1210.39,stop,-37.43,-3.0
218366754,TDG,2026-03-28,1132.88,1098.89,1151.8,2026-03-31,1151.8,profit_target,18.92,1.67
218366673,TDG,2026-03-15,1247.82,1210.39,1295.86,2026-03-18,1210.39,stop,-37.43,-3.0
218366674,TDG,2026-03-15,1247.82,1210.39,1302.47,2026-03-18,1210.39,stop,-37.43,-3.0
218366711,TDG,2026-03-23,1152.97,1118.38,1182.37,2026-04-01,1182.37,profit_target,29.4,2.55
218366713,TDG,2026-03-23,1152.97,1118.38,1187.44,2026-04-06,1187.44,profit_target,34.47,2.99
218366687,TDG,2026-03-16,1247.82,1210.39,1298.11,2026-03-18,1210.39,stop,-37.43,-3.0
218366748,TDG,2026-03-27,1140.03,1105.83,1160.32,2026-03-31,1160.32,profit_target,20.29,1.78
218366749,TDG,2026-03-27,1140.03,1105.83,1164.65,2026-03-31,1164.65,profit_target,24.62,2.16
218366731,TDG,2026-03-24,1162.78,1127.9,1192.9,2026-04-06,1189.64,time_stop,26.86,2.31
218366567,TDG,2026-03-08,1277.93,1239.59,1301.44,2026-03-12,1239.59,stop,-38.34,-3.0
218366586,TDG,2026-03-09,1277.93,1239.59,1334.8,2026-03-12,1239.59,stop,-38.34,-3.0
218366587,TDG,2026-03-09,1277.93,1239.59,1335.69,2026-03-12,1239.59,stop,-38.34,-3.0
218366588,TDG,2026-03-09,1277.93,1239.59,1341.95,2026-03-12,1239.59,stop,-38.34,-3.0
218366638,TDG,2026-03-12,1225.95,1189.17,1283.69,2026-03-20,1189.17,stop,-36.78,-3.0
218366712,TDG,2026-03-23,1152.97,1118.38,1185.94,2026-04-02,1167.0,time_stop,14.03,1.22
218366639,TDG,2026-03-12,1225.95,1189.17,1284.55,2026-03-20,1189.17,stop,-36.78,-3.0
218366640,TDG,2026-03-12,1225.95,1189.17,1290.43,2026-03-20,1189.17,stop,-36.78,-3.0
218366657,TDG,2026-03-13,1214.66,1178.22,1264.46,2026-03-20,1178.22,stop,-36.44,-3.0
218366747,TDG,2026-03-27,1140.03,1105.83,1161.58,2026-03-31,1161.58,profit_target,21.55,1.89
218366755,TDG,2026-03-28,1132.88,1098.89,1159.5,2026-03-31,1159.5,profit_target,26.62,2.35
218366561,TDG,2026-03-07,1277.93,1239.59,1323.94,2026-03-12,1239.59,stop,-38.34,-3.0
218366745,TDG,2026-03-26,1151.94,1117.38,1171.98,2026-04-01,1171.98,profit_target,20.04,1.74
218366729,TDG,2026-03-24,1162.78,1127.9,1189.99,2026-04-01,1173.27,time_stop,10.49,0.9
218366734,TDG,2026-03-25,1156.49,1121.8,1176.96,2026-04-01,1176.96,profit_target,20.47,1.77
218366746,TDG,2026-03-26,1151.94,1117.38,1176.25,2026-04-01,1176.25,profit_target,24.31,2.11
218366730,TDG,2026-03-24,1162.78,1127.9,1190.8,2026-04-02,1167.0,time_stop,4.22,0.36
218366735,TDG,2026-03-25,1156.49,1121.8,1177.77,2026-04-01,1177.77,profit_target,21.28,1.84
218366736,TDG,2026-03-25,1156.49,1121.8,1182.74,2026-04-01,1182.74,profit_target,26.25,2.27
219207355,ULTA,2026-03-23,516.11,500.63,532.01,2026-03-25,532.01,profit_target,15.9,3.08
219207354,ULTA,2026-03-23,516.11,500.63,533.5,2026-04-01,533.5,profit_target,17.39,3.37
219207353,ULTA,2026-03-23,516.11,500.63,534.28,2026-04-01,534.28,profit_target,18.17,3.52
219207323,ULTA,2026-03-21,516.11,500.63,536.03,2026-04-01,536.03,profit_target,19.92,3.86
219207356,ULTA,2026-03-23,516.11,500.63,542.79,2026-04-06,542.65,time_stop,26.54,5.14
219207357,ULTA,2026-03-23,516.11,500.63,543.41,2026-04-06,542.65,time_stop,26.54,5.14
219207358,ULTA,2026-03-23,516.11,500.63,542.95,2026-04-06,542.65,time_stop,26.54,5.14
219655466,VRSN,2026-03-25,251.7,244.15,262.47,2026-04-02,259.85,time_stop,8.15,3.24
219655456,VRSN,2026-03-23,240.92,233.69,255.88,2026-04-02,255.88,profit_target,14.96,6.21
219655455,VRSN,2026-03-23,240.92,233.69,253.64,2026-03-26,253.64,profit_target,12.72,5.28
219655467,VRSN,2026-03-25,251.7,244.15,263.15,2026-04-06,263.15,profit_target,11.45,4.55
219655465,VRSN,2026-03-25,251.7,244.15,260.43,2026-04-01,250.77,time_stop,-0.93,-0.37
219655478,VRSN,2026-03-27,247.48,240.06,253.74,2026-03-30,253.74,profit_target,6.26,2.53
219573734,VRSK,2026-03-27,182.75,177.27,186.44,2026-03-30,186.44,profit_target,3.69,2.02
219573691,VRSK,2026-03-23,199.85,193.85,209.16,2026-03-25,193.85,stop,-6.0,-3.0
219573692,VRSK,2026-03-23,199.85,193.85,208.54,2026-03-25,193.85,stop,-6.0,-3.0
219573693,VRSK,2026-03-23,199.85,193.85,208.54,2026-03-25,193.85,stop,-6.0,-3.0
219573686,VRSK,2026-03-23,199.85,193.85,207.24,2026-03-25,193.85,stop,-6.0,-3.0
219572367,VRSK,2026-03-25,185.05,179.5,189.73,2026-03-30,189.73,profit_target,4.68,2.53
219573713,VRSK,2026-03-24,194.73,188.89,198.84,2026-03-25,188.89,stop,-5.84,-3.0
219573668,VRSK,2026-03-21,199.85,193.85,207.94,2026-03-25,193.85,stop,-6.0,-3.0
219573669,VRSK,2026-03-21,199.85,193.85,208.22,2026-03-25,193.85,stop,-6.0,-3.0
219573667,VRSK,2026-03-21,199.85,193.85,207.18,2026-03-25,193.85,stop,-6.0,-3.0
219572350,VRSK,2026-03-22,199.85,193.85,209.5,2026-03-25,193.85,stop,-6.0,-3.0
219572351,VRSK,2026-03-22,199.85,193.85,208.86,2026-03-25,193.85,stop,-6.0,-3.0
219572352,VRSK,2026-03-22,199.85,193.85,208.96,2026-03-25,193.85,stop,-6.0,-3.0
219573690,VRSK,2026-03-23,199.85,193.85,209.06,2026-03-25,193.85,stop,-6.0,-3.0
219573689,VRSK,2026-03-23,199.85,193.85,208.44,2026-03-25,193.85,stop,-6.0,-3.0
219573716,VRSK,2026-03-24,194.73,188.89,201.0,2026-03-25,188.89,stop,-5.84,-3.0
219573717,VRSK,2026-03-24,194.73,188.89,200.42,2026-03-25,188.89,stop,-5.84,-3.0
219573715,VRSK,2026-03-24,194.73,188.89,199.5,2026-03-25,188.89,stop,-5.84,-3.0
219572292,VRSK,2026-03-14,204.74,198.6,213.09,2026-03-24,198.6,stop,-6.14,-3.0
219573737,VRSK,2026-03-27,182.75,177.27,187.89,2026-03-30,187.89,profit_target,5.14,2.81
219352197,V,2026-03-23,304.44,295.31,316.43,2026-04-02,300.8,time_stop,-3.64,-1.2
219352196,V,2026-03-23,304.44,295.31,314.64,2026-04-01,298.51,time_stop,-5.93,-1.95
199650073,WEC,2026-03-24,113.08,109.69,115.76,2026-03-30,115.76,profit_target,2.68,2.37
206063775,WEC,2026-03-14,117.9,114.36,122.0,2026-03-20,114.36,stop,-3.54,-3.0
206063776,WEC,2026-03-14,117.9,114.36,122.04,2026-03-20,114.36,stop,-3.54,-3.0
200238855,WEC,2026-03-22,112.05,108.69,115.77,2026-03-30,115.77,profit_target,3.72,3.32
199649674,WEC,2026-03-22,112.05,108.69,115.99,2026-03-30,115.99,profit_target,3.94,3.52
200239000,WEC,2026-03-25,112.72,109.34,115.76,2026-03-30,115.76,profit_target,3.04,2.7
200238997,WEC,2026-03-25,112.72,109.34,115.31,2026-03-30,115.31,profit_target,2.59,2.3
200238999,WEC,2026-03-25,112.72,109.34,115.49,2026-03-30,115.49,profit_target,2.77,2.46
199650074,WEC,2026-03-24,113.08,109.69,115.88,2026-03-30,115.88,profit_target,2.8,2.48
202525338,WEC,2026-03-23,112.05,108.69,116.14,2026-03-30,116.14,profit_target,4.09,3.65
200238972,WEC,2026-03-24,113.08,109.69,116.3,2026-04-01,116.3,profit_target,3.22,2.85
199650076,WEC,2026-03-24,113.08,109.69,116.05,2026-03-30,116.05,profit_target,2.97,2.63
199649225,WEC,2026-03-20,112.18,108.81,115.16,2026-03-30,115.16,profit_target,2.98,2.66
206063777,WEC,2026-03-14,117.9,114.36,122.13,2026-03-20,114.36,stop,-3.54,-3.0
219828912,WAB,2026-03-10,246.75,239.35,253.02,2026-03-13,239.35,stop,-7.4,-3.0
219828915,WAB,2026-03-10,246.75,239.35,257.88,2026-03-13,239.35,stop,-7.4,-3.0
219828914,WAB,2026-03-10,246.75,239.35,257.66,2026-03-13,239.35,stop,-7.4,-3.0
219926189,WDAY,2026-03-08,148.14,143.7,153.06,2026-03-10,143.7,stop,-4.44,-3.0
219926190,WDAY,2026-03-08,148.14,143.7,154.04,2026-03-10,143.7,stop,-4.44,-3.0
219926187,WDAY,2026-03-08,148.14,143.7,151.87,2026-03-10,143.7,stop,-4.44,-3.0
219926188,WDAY,2026-03-08,148.14,143.7,151.65,2026-03-10,143.7,stop,-4.44,-3.0
219926186,WDAY,2026-03-08,148.14,143.7,151.89,2026-03-10,143.7,stop,-4.44,-3.0
219926201,WDAY,2026-03-11,137.84,133.7,140.42,2026-03-12,140.42,profit_target,2.58,1.87
219926202,WDAY,2026-03-11,137.84,133.7,140.76,2026-03-12,140.76,profit_target,2.92,2.12
219926206,WDAY,2026-03-13,133.09,129.1,136.39,2026-03-16,136.39,profit_target,3.3,2.48
199769691,XEL,2026-03-09,81.5,79.05,83.16,2026-03-16,81.63,time_stop,0.13,0.16
220139126,XYL,2026-03-23,119.94,116.34,124.8,2026-03-30,116.34,stop,-3.6,-3.0
220139123,XYL,2026-03-23,119.94,116.34,124.63,2026-03-30,116.34,stop,-3.6,-3.0
220139125,XYL,2026-03-23,119.94,116.34,124.57,2026-03-30,116.34,stop,-3.6,-3.0
220139121,XYL,2026-03-23,119.94,116.34,124.16,2026-03-30,116.34,stop,-3.6,-3.0
220139120,XYL,2026-03-23,119.94,116.34,125.04,2026-03-30,116.34,stop,-3.6,-3.0
220139127,XYL,2026-03-23,119.94,116.34,125.66,2026-03-30,116.34,stop,-3.6,-3.0
220139130,XYL,2026-03-23,119.94,116.34,125.9,2026-03-30,116.34,stop,-3.6,-3.0
220139128,XYL,2026-03-23,119.94,116.34,125.47,2026-03-30,116.34,stop,-3.6,-3.0
220139122,XYL,2026-03-23,119.94,116.34,125.07,2026-03-30,116.34,stop,-3.6,-3.0
220139124,XYL,2026-03-23,119.94,116.34,124.82,2026-03-30,116.34,stop,-3.6,-3.0
220139196,XYL,2026-03-28,116.18,112.69,117.67,2026-03-31,117.67,profit_target,1.49,1.28
220168370,YUM,2026-03-23,158.54,153.78,164.26,2026-04-01,153.78,stop,-4.76,-3.0
220168371,YUM,2026-03-23,158.54,153.78,164.34,2026-04-01,153.78,stop,-4.76,-3.0
220168330,YUM,2026-03-22,158.54,153.78,163.69,2026-04-01,153.78,stop,-4.76,-3.0
220168372,YUM,2026-03-23,158.54,153.78,164.01,2026-04-01,153.78,stop,-4.76,-3.0
220168215,YUM,2026-03-14,161.78,156.93,168.64,2026-03-19,156.93,stop,-4.85,-3.0
220168216,YUM,2026-03-14,161.78,156.93,169.53,2026-03-19,156.93,stop,-4.85,-3.0
220168329,YUM,2026-03-22,158.54,153.78,163.74,2026-04-01,153.78,stop,-4.76,-3.0
220168217,YUM,2026-03-14,161.78,156.93,170.27,2026-03-19,156.93,stop,-4.85,-3.0
220168336,YUM,2026-03-22,158.54,153.78,167.23,2026-04-01,153.78,stop,-4.76,-3.0
220168381,YUM,2026-03-23,158.54,153.78,167.5,2026-04-01,153.78,stop,-4.76,-3.0
220168382,YUM,2026-03-23,158.54,153.78,167.64,2026-04-01,153.78,stop,-4.76,-3.0
220168380,YUM,2026-03-23,158.54,153.78,167.18,2026-04-01,153.78,stop,-4.76,-3.0
220168300,YUM,2026-03-16,161.78,156.93,167.99,2026-03-19,156.93,stop,-4.85,-3.0
220168374,YUM,2026-03-23,158.54,153.78,165.37,2026-04-01,153.78,stop,-4.76,-3.0
220168220,YUM,2026-03-14,161.78,156.93,170.18,2026-03-19,156.93,stop,-4.85,-3.0
220168221,YUM,2026-03-14,161.78,156.93,169.32,2026-03-19,156.93,stop,-4.85,-3.0
220168302,YUM,2026-03-16,161.78,156.93,167.51,2026-03-19,156.93,stop,-4.85,-3.0
220237285,ZBH,2026-03-25,87.4,84.78,88.98,2026-03-26,88.98,profit_target,1.57,1.8
220237269,ZBH,2026-03-23,87.56,84.94,89.87,2026-03-31,89.87,profit_target,2.31,2.64
220237287,ZBH,2026-03-25,87.4,84.78,89.4,2026-03-31,89.4,profit_target,1.99,2.28
220237286,ZBH,2026-03-25,87.4,84.78,89.37,2026-03-31,89.37,profit_target,1.97,2.25
220237271,ZBH,2026-03-23,87.56,84.94,90.39,2026-03-31,90.39,profit_target,2.83,3.23
220237270,ZBH,2026-03-23,87.56,84.94,90.46,2026-03-31,90.46,profit_target,2.9,3.31
220237280,ZBH,2026-03-24,86.09,83.5,88.13,2026-03-26,88.13,profit_target,2.04,2.37
220237278,ZBH,2026-03-24,86.09,83.5,87.84,2026-03-26,87.84,profit_target,1.76,2.04
220237291,ZBH,2026-03-26,88.91,86.24,90.64,2026-04-01,90.64,profit_target,1.73,1.95
220237290,ZBH,2026-03-26,88.91,86.24,90.53,2026-03-31,90.53,profit_target,1.62,1.82
