PANW,2026-05-20
NRG,2026-05-06
TDG,2026-05-05
PODD,2026-05-06
APTV,2026-05-05
MCK,2026-05-07
LDOS,2026-05-05
EPAM,2026-05-07
GPN,2026-05-05
PTC,2026-05-06
CBOE,2026-05-01
TTWO,2026-05-14
PAYC,2026-05-06
ANET,2026-05-05
IQV,2026-05-05
MTCH,2026-05-05
CDW,2026-05-06
EXPE,2026-05-07
FTNT,2026-05-06
L,2026-05-04
NWS,2026-05-07
FIS,2026-05-05
HII,2026-05-05
APO,2026-05-06
PYPL,2026-05-05
DECK,2026-05-21
MPC,2026-05-05
FOXA,2026-05-11
ON,2026-05-04
VFC,2026-05-20
ZTS,2026-05-07
KHC,2026-05-06
KKR,2026-05-05
WDAY,2026-05-21
MET,2026-05-06
HRB,2026-05-06
PRU,2026-05-05
NWSA,2026-05-07
COST,2026-05-28
